Market Name,Cascade,FDD/TDD,Sector ID,Source_eNB Name,Source_eNB ID,Source_LSM,Source_Cell ID,Source_eNB OAM VLAN ,Source_eNB OAM VLAN prefix (/30),Source_OAM GW IP ,Source_eNB OAM IP,Source_eNB S&B VLAN,Source_eNB S&B VLAN  prefix (/30) ,Source_S&B GW IP ,Source_eNB S&B IP,Source_BH Port,Source_Cabinet_Type,Target_eNB Name,Target_eNB ID,Target_LSM,Target_Cell ID,Target_eNB OAM VLAN ,Target_eNB OAM VLAN prefix (/30),Target_OAM GW IP ,Target_eNB OAM IP,Target_eNB S&B VLAN,Target_eNB S&B VLAN  prefix (/30) ,Target_S&B GW IP ,Target_eNB S&B IP,Target_BH Port,Target_Cabinet_Type,TAC(Hex),PCI,RACH,Band,DL Center Freq MHz,UL Center Freq MHz,Bandwidth (MHz),EARFCN_DL,EARFCN_UL,Start EARFCN1,Start EARFCN2,MME IP,Tx Diversity,Rx Diveristy,Tx Path Assignment (AB/CD/ABCD/ABCDEFGH),Attenuation/Path,"RS Boost (Option - OFF, 3dB, 6 dB, 1.2 dB, 4.2 dB)",EAIU_Type,EAIU SN,Expansion Cabinet,RRH Type,RRH subtype,No. of ALD,Electrical Tilt,Output Power (watt),Center Line (Ft)
LCV,LA04UB140,FDD,0,DELNCABJBBULTE0614401,614401,sjslsmr02lems2,0,32,30,111.21.77.225,111.21.77.226,40,30,10.149.0.25,10.149.0.26,0,Outdoor,DELNCABJBBULTE0614401,614401,taclsmu01ep01,0,34,30,111.21.77.233,111.21.77.234,42,30,10.149.9.173,10.149.9.174,1,Outdoor,4B05,417,545,25,1992.5,1912.5,5,8665,26665,,,10.156.11.188/10.156.3.188,2T,4Rx,AB,0,6,EAIU4-U,SE2D502261,Yes,RRH_P4,0,0,TBD,TBD,TBD
LCV,LA04UB140,FDD,1,DELNCABJBBULTE0614401,614401,sjslsmr02lems2,1,32,30,111.21.77.225,111.21.77.226,40,30,10.149.0.25,10.149.0.26,0,Outdoor,DELNCABJBBULTE0614401,614401,taclsmu01ep01,9,34,30,111.21.77.233,111.21.77.234,42,30,10.149.9.173,10.149.9.174,1,Outdoor,4B05,250,555,25,1992.5,1912.5,5,8665,26665,,,10.156.11.188/10.156.3.188,2T,4Rx,AB,0,6,EAIU4-U,SE2D502261,Yes,RRH_P4,0,0,TBD,TBD,TBD
LCV,LA04UB140,FDD,2,DELNCABJBBULTE0614401,614401,sjslsmr02lems2,2,32,30,111.21.77.225,111.21.77.226,40,30,10.149.0.25,10.149.0.26,0,Outdoor,DELNCABJBBULTE0614401,614401,taclsmu01ep01,18,34,30,111.21.77.233,111.21.77.234,42,30,10.149.9.173,10.149.9.174,1,Outdoor,4B05,2,565,25,1992.5,1912.5,5,8665,26665,,,10.156.11.188/10.156.3.188,2T,4Rx,AB,0,6,EAIU4-U,SE2D502261,Yes,RRH_P4,0,0,TBD,TBD,TBD
LCV,LA04UB140,FDD,0,DELNCABJBBULTE0614401,614401,sjslsmr02lems2,3,32,30,111.21.77.225,111.21.77.226,40,30,10.149.0.25,10.149.0.26,0,Outdoor,DELNCABJBBULTE0614401,614401,taclsmu01ep01,1,34,30,111.21.77.233,111.21.77.234,42,30,10.149.9.173,10.149.9.174,1,Outdoor,4B05,417,545,25,1937.5,1857.5,5,8115,26115,,,10.156.11.188/10.156.3.188,2T,4Rx,AB,0,6,EAIU4-U,SE2D502261,Yes,RRH_P4,0,0,TBD,TBD,TBD
LCV,LA04UB140,FDD,1,DELNCABJBBULTE0614401,614401,sjslsmr02lems2,4,32,30,111.21.77.225,111.21.77.226,40,30,10.149.0.25,10.149.0.26,0,Outdoor,DELNCABJBBULTE0614401,614401,taclsmu01ep01,10,34,30,111.21.77.233,111.21.77.234,42,30,10.149.9.173,10.149.9.174,1,Outdoor,4B05,250,555,25,1937.5,1857.5,5,8115,26115,,,10.156.11.188/10.156.3.188,2T,4Rx,AB,0,6,EAIU4-U,SE2D502261,Yes,RRH_P4,0,0,TBD,TBD,TBD
LCV,LA04UB140,FDD,2,DELNCABJBBULTE0614401,614401,sjslsmr02lems2,5,32,30,111.21.77.225,111.21.77.226,40,30,10.149.0.25,10.149.0.26,0,Outdoor,DELNCABJBBULTE0614401,614401,taclsmu01ep01,19,34,30,111.21.77.233,111.21.77.234,42,30,10.149.9.173,10.149.9.174,1,Outdoor,4B05,2,565,25,1937.5,1857.5,5,8115,26115,,,10.156.11.188/10.156.3.188,2T,4Rx,AB,0,6,EAIU4-U,SE2D502261,Yes,RRH_P4,0,0,TBD,TBD,TBD
LCV,LA04UB140,FDD,0,DELNCABJBBULTE0614401,614401,sjslsmr02lems2,15(locked),32,30,111.21.77.225,111.21.77.226,40,30,10.149.0.25,10.149.0.26,0,Outdoor,DELNCABJBBULTE0614401,614401,taclsmu01ep01,2,34,30,111.21.77.233,111.21.77.234,42,30,10.149.9.173,10.149.9.174,1,Outdoor,4B05,417,545,26,866.3,821.3,5,8763,26763,,,10.156.11.188/10.156.3.188,2T,2Rx,AB,0,3,EAIU4-U,SE2D502261,Yes,RRH_C2,0,0,TBD,TBD,TBD
LCV,LA04UB140,FDD,1,DELNCABJBBULTE0614401,614401,sjslsmr02lems2,16(locked),32,30,111.21.77.225,111.21.77.226,40,30,10.149.0.25,10.149.0.26,0,Outdoor,DELNCABJBBULTE0614401,614401,taclsmu01ep01,11,34,30,111.21.77.233,111.21.77.234,42,30,10.149.9.173,10.149.9.174,1,Outdoor,4B05,250,555,26,866.3,821.3,5,8763,26763,,,10.156.11.188/10.156.3.188,2T,2Rx,AB,0,3,EAIU4-U,SE2D502261,Yes,RRH_C2,0,0,TBD,TBD,TBD
LCV,LA04UB140,FDD,2,DELNCABJBBULTE0614401,614401,sjslsmr02lems2,17(locked),32,30,111.21.77.225,111.21.77.226,40,30,10.149.0.25,10.149.0.26,0,Outdoor,DELNCABJBBULTE0614401,614401,taclsmu01ep01,20,34,30,111.21.77.233,111.21.77.234,42,30,10.149.9.173,10.149.9.174,1,Outdoor,4B05,2,565,26,866.3,821.3,5,8763,26763,,,10.156.11.188/10.156.3.188,2T,2Rx,AB,0,3,EAIU4-U,SE2D502261,Yes,RRH_C2,0,0,TBD,TBD,TBD
LCV,LA04UB140,TDD,0,DELNCABJBBULTE0619601,619601,taclsmu01ep01,0,34,30,111.21.77.233,111.21.77.234,42,30,10.149.9.173,10.149.9.174,1,Outdoor,DELNCABJBBULTE0614401,614401,taclsmu01ep01,3,34,30,111.21.77.233,111.21.77.234,42,30,10.149.9.173,10.149.9.174,1,Outdoor,4B05,6,432,41,2538.2,2538.2,20,40270,40270,40154,,10.156.11.188/10.156.3.188,8T,8R,ABCDEFGH,0,1.2,EAIU4-UA,S43E700023,Yes,RRH-B8,0,1,TBD,TBD,TBD
LCV,LA04UB140,TDD,1,DELNCABJBBULTE0619601,619601,taclsmu01ep01,1,34,30,111.21.77.233,111.21.77.234,42,30,10.149.9.173,10.149.9.174,1,Outdoor,DELNCABJBBULTE0614401,614401,taclsmu01ep01,4,34,30,111.21.77.233,111.21.77.234,42,30,10.149.9.173,10.149.9.174,1,Outdoor,4B05,7,440,41,2538.2,2538.2,20,40270,40270,40154,,10.156.11.188/10.156.3.188,8T,8R,ABCDEFGH,0,1.2,EAIU4-UA,S43E700023,Yes,RRH-B8,0,1,TBD,TBD,TBD
LCV,LA04UB140,TDD,2,DELNCABJBBULTE0619601,619601,taclsmu01ep01,2,34,30,111.21.77.233,111.21.77.234,42,30,10.149.9.173,10.149.9.174,1,Outdoor,DELNCABJBBULTE0614401,614401,taclsmu01ep01,5,34,30,111.21.77.233,111.21.77.234,42,30,10.149.9.173,10.149.9.174,1,Outdoor,4B05,8,448,41,2538.2,2538.2,20,40270,40270,40154,,10.156.11.188/10.156.3.188,8T,8R,ABCDEFGH,0,1.2,EAIU4-UA,S43E700023,Yes,RRH-B8,0,1,TBD,TBD,TBD
LCV,LA04UB141,FDD,0,MCFACAAOBBULTE0614402,614402,sjslsmr02lems2,0,32,30,111.21.78.33,111.21.78.34,40,30,10.149.0.33,10.149.0.34,0,Outdoor,MCFACAAOBBULTE0614402,614402,taclsmu01ep01,0,34,30,111.21.78.41,111.21.78.42,42,30,10.149.9.177,10.149.9.178,1,Outdoor,4B05,270,305,25,1992.5,1912.5,5,8665,26665,,,10.156.11.188/10.156.3.188,2T,4Rx,AB,0,6,EAIU4-U,SE2DA24521,Yes,RRH_P4,0,0,TBD,TBD,TBD
LCV,LA04UB141,FDD,1,MCFACAAOBBULTE0614402,614402,sjslsmr02lems2,1,32,30,111.21.78.33,111.21.78.34,40,30,10.149.0.33,10.149.0.34,0,Outdoor,MCFACAAOBBULTE0614402,614402,taclsmu01ep01,9,34,30,111.21.78.41,111.21.78.42,42,30,10.149.9.177,10.149.9.178,1,Outdoor,4B05,5,315,25,1992.5,1912.5,5,8665,26665,,,10.156.11.188/10.156.3.188,2T,4Rx,AB,0,6,EAIU4-U,SE2DA24521,Yes,RRH_P4,0,0,TBD,TBD,TBD
LCV,LA04UB141,FDD,2,MCFACAAOBBULTE0614402,614402,sjslsmr02lems2,2,32,30,111.21.78.33,111.21.78.34,40,30,10.149.0.33,10.149.0.34,0,Outdoor,MCFACAAOBBULTE0614402,614402,taclsmu01ep01,18,34,30,111.21.78.41,111.21.78.42,42,30,10.149.9.177,10.149.9.178,1,Outdoor,4B05,433,325,25,1992.5,1912.5,5,8665,26665,,,10.156.11.188/10.156.3.188,2T,4Rx,AB,0,6,EAIU4-U,SE2DA24521,Yes,RRH_P4,0,0,TBD,TBD,TBD
LCV,LA04UB141,FDD,0,MCFACAAOBBULTE0614402,614402,sjslsmr02lems2,3,32,30,111.21.78.33,111.21.78.34,40,30,10.149.0.33,10.149.0.34,0,Outdoor,MCFACAAOBBULTE0614402,614402,taclsmu01ep01,1,34,30,111.21.78.41,111.21.78.42,42,30,10.149.9.177,10.149.9.178,1,Outdoor,4B05,270,305,25,1937.5,1857.5,5,8115,26115,,,10.156.11.188/10.156.3.188,2T,4Rx,AB,0,6,EAIU4-U,SE2DA24521,Yes,RRH_P4,0,0,TBD,TBD,TBD
LCV,LA04UB141,FDD,1,MCFACAAOBBULTE0614402,614402,sjslsmr02lems2,4,32,30,111.21.78.33,111.21.78.34,40,30,10.149.0.33,10.149.0.34,0,Outdoor,MCFACAAOBBULTE0614402,614402,taclsmu01ep01,10,34,30,111.21.78.41,111.21.78.42,42,30,10.149.9.177,10.149.9.178,1,Outdoor,4B05,5,315,25,1937.5,1857.5,5,8115,26115,,,10.156.11.188/10.156.3.188,2T,4Rx,AB,0,6,EAIU4-U,SE2DA24521,Yes,RRH_P4,0,0,TBD,TBD,TBD
LCV,LA04UB141,FDD,2,MCFACAAOBBULTE0614402,614402,sjslsmr02lems2,5,32,30,111.21.78.33,111.21.78.34,40,30,10.149.0.33,10.149.0.34,0,Outdoor,MCFACAAOBBULTE0614402,614402,taclsmu01ep01,19,34,30,111.21.78.41,111.21.78.42,42,30,10.149.9.177,10.149.9.178,1,Outdoor,4B05,433,325,25,1937.5,1857.5,5,8115,26115,,,10.156.11.188/10.156.3.188,2T,4Rx,AB,0,6,EAIU4-U,SE2DA24521,Yes,RRH_P4,0,0,TBD,TBD,TBD
LCV,LA04UB141,TDD,0,MCFACAAOBBULTE0619602,619602,taclsmu01ep01,0,34,30,111.21.78.41,111.21.78.42,42,30,10.149.9.177,10.149.9.178,1,Outdoor,MCFACAAOBBULTE0614402,614402,taclsmu01ep01,3,34,30,111.21.78.41,111.21.78.42,42,30,10.149.9.177,10.149.9.178,1,Outdoor,4B05,12,312,41,2518.4,2518.4,20,39874,39874,39774,,10.156.11.188/10.156.3.188,8T,8R,ABCDEFGH,0,1.2,EAIU4-UA,S43E800259,Yes,RRH-B8,0,1,TBD,TBD,TBD
LCV,LA04UB141,TDD,1,MCFACAAOBBULTE0619602,619602,taclsmu01ep01,1,34,30,111.21.78.41,111.21.78.42,42,30,10.149.9.177,10.149.9.178,1,Outdoor,MCFACAAOBBULTE0614402,614402,taclsmu01ep01,4,34,30,111.21.78.41,111.21.78.42,42,30,10.149.9.177,10.149.9.178,1,Outdoor,4B05,13,320,41,2518.4,2518.4,20,39874,39874,39774,,10.156.11.188/10.156.3.188,8T,8R,ABCDEFGH,0,1.2,EAIU4-UA,S43E800259,Yes,RRH-B8,0,1,TBD,TBD,TBD
LCV,LA04UB141,TDD,2,MCFACAAOBBULTE0619602,619602,taclsmu01ep01,2,34,30,111.21.78.41,111.21.78.42,42,30,10.149.9.177,10.149.9.178,1,Outdoor,MCFACAAOBBULTE0614402,614402,taclsmu01ep01,5,34,30,111.21.78.41,111.21.78.42,42,30,10.149.9.177,10.149.9.178,1,Outdoor,4B05,14,328,41,2518.4,2518.4,20,39874,39874,39774,,10.156.11.188/10.156.3.188,8T,8R,ABCDEFGH,0,1.2,EAIU4-UA,S43E800259,Yes,RRH-B8,0,1,TBD,TBD,TBD
LCV,LA04UB141,TDD,0,MCFACAAOBBULTE0619602,619602,taclsmu01ep01,3,34,30,111.21.78.41,111.21.78.42,42,30,10.149.9.177,10.149.9.178,1,Outdoor,MCFACAAOBBULTE0614402,614402,taclsmu01ep01,12,34,30,111.21.78.41,111.21.78.42,42,30,10.149.9.177,10.149.9.178,1,Outdoor,4B05,12,312,41,2538.2,2538.2,20,40072,40072,39774,,10.156.11.188/10.156.3.188,8T,8R,ABCDEFGH,0,1.2,EAIU4-UA,S43E800259,Yes,RRH-B8,0,1,TBD,TBD,TBD
LCV,LA04UB141,TDD,1,MCFACAAOBBULTE0619602,619602,taclsmu01ep01,4,34,30,111.21.78.41,111.21.78.42,42,30,10.149.9.177,10.149.9.178,1,Outdoor,MCFACAAOBBULTE0614402,614402,taclsmu01ep01,13,34,30,111.21.78.41,111.21.78.42,42,30,10.149.9.177,10.149.9.178,1,Outdoor,4B05,13,320,41,2538.2,2538.2,20,40072,40072,39774,,10.156.11.188/10.156.3.188,8T,8R,ABCDEFGH,0,1.2,EAIU4-UA,S43E800259,Yes,RRH-B8,0,1,TBD,TBD,TBD
LCV,LA04UB141,TDD,2,MCFACAAOBBULTE0619602,619602,taclsmu01ep01,5,34,30,111.21.78.41,111.21.78.42,42,30,10.149.9.177,10.149.9.178,1,Outdoor,MCFACAAOBBULTE0614402,614402,taclsmu01ep01,14,34,30,111.21.78.41,111.21.78.42,42,30,10.149.9.177,10.149.9.178,1,Outdoor,4B05,14,328,41,2538.2,2538.2,20,40072,40072,39774,,10.156.11.188/10.156.3.188,8T,8R,ABCDEFGH,0,1.2,EAIU4-UA,S43E800259,Yes,RRH-B8,0,1,TBD,TBD,TBD
LCV,LA04UB141,TDD,0,MCFACAAOBBULTE0619602,619602,taclsmu01ep01,6,34,30,111.21.78.41,111.21.78.42,42,30,10.149.9.177,10.149.9.178,1,Outdoor,MCFACAAOBBULTE0614402,614402,taclsmu01ep01,6,34,30,111.21.78.41,111.21.78.42,42,30,10.149.9.177,10.149.9.178,1,Outdoor,4B05,12,312,41,2558,2558,20,40270,40270,39774,,10.156.11.188/10.156.3.188,8T,8R,ABCDEFGH,0,1.2,EAIU4-UA,S43E800259,Yes,RRH-B8,0,1,TBD,TBD,TBD
LCV,LA04UB141,TDD,1,MCFACAAOBBULTE0619602,619602,taclsmu01ep01,7,34,30,111.21.78.41,111.21.78.42,42,30,10.149.9.177,10.149.9.178,1,Outdoor,MCFACAAOBBULTE0614402,614402,taclsmu01ep01,7,34,30,111.21.78.41,111.21.78.42,42,30,10.149.9.177,10.149.9.178,1,Outdoor,4B05,13,320,41,2558,2558,20,40270,40270,39774,,10.156.11.188/10.156.3.188,8T,8R,ABCDEFGH,0,1.2,EAIU4-UA,S43E800259,Yes,RRH-B8,0,1,TBD,TBD,TBD
LCV,LA04UB141,TDD,2,MCFACAAOBBULTE0619602,619602,taclsmu01ep01,8,34,30,111.21.78.41,111.21.78.42,42,30,10.149.9.177,10.149.9.178,1,Outdoor,MCFACAAOBBULTE0614402,614402,taclsmu01ep01,8,34,30,111.21.78.41,111.21.78.42,42,30,10.149.9.177,10.149.9.178,1,Outdoor,4B05,14,328,41,2558,2558,20,40270,40270,39774,,10.156.11.188/10.156.3.188,8T,8R,ABCDEFGH,0,1.2,EAIU4-UA,S43E800259,Yes,RRH-B8,0,1,TBD,TBD,TBD
LCV,LA04UB142,FDD,0,WASCCAAVBBULTE0614403,614403,sjslsmr02lems2,0,32,30,111.21.78.97,111.21.78.98,40,30,10.149.0.41,10.149.0.42,0,Outdoor,WASCCAAVBBULTE0614403,614403,sjslsmr02lems2,0,32,30,111.21.78.97,111.21.78.98,40,30,10.149.0.41,10.149.0.42,0,Outdoor,4B05,225,575,25,1992.5,1912.5,5,8665,26665,,,10.156.11.188/10.156.3.188,2T,4Rx,AB,0,6,EAIU4-U,SE2D408878,No,RRH_P4,0,0,TBD,TBD,TBD
LCV,LA04UB142,FDD,1,WASCCAAVBBULTE0614403,614403,sjslsmr02lems2,1,32,30,111.21.78.97,111.21.78.98,40,30,10.149.0.41,10.149.0.42,0,Outdoor,WASCCAAVBBULTE0614403,614403,sjslsmr02lems2,9,32,30,111.21.78.97,111.21.78.98,40,30,10.149.0.41,10.149.0.42,0,Outdoor,4B05,331,585,25,1992.5,1912.5,5,8665,26665,,,10.156.11.188/10.156.3.188,2T,4Rx,AB,0,6,EAIU4-U,SE2D408878,No,RRH_P4,0,0,TBD,TBD,TBD
LCV,LA04UB142,FDD,2,WASCCAAVBBULTE0614403,614403,sjslsmr02lems2,2,32,30,111.21.78.97,111.21.78.98,40,30,10.149.0.41,10.149.0.42,0,Outdoor,WASCCAAVBBULTE0614403,614403,sjslsmr02lems2,18,32,30,111.21.78.97,111.21.78.98,40,30,10.149.0.41,10.149.0.42,0,Outdoor,4B05,8,595,25,1992.5,1912.5,5,8665,26665,,,10.156.11.188/10.156.3.188,2T,4Rx,AB,0,6,EAIU4-U,SE2D408878,No,RRH_P4,0,0,TBD,TBD,TBD
LCV,LA04UB142,FDD,0,WASCCAAVBBULTE0614403,614403,sjslsmr02lems2,3,32,30,111.21.78.97,111.21.78.98,40,30,10.149.0.41,10.149.0.42,0,Outdoor,WASCCAAVBBULTE0614403,614403,sjslsmr02lems2,1,32,30,111.21.78.97,111.21.78.98,40,30,10.149.0.41,10.149.0.42,0,Outdoor,4B05,225,575,25,1937.5,1857.5,5,8115,26115,,,10.156.11.188/10.156.3.188,2T,4Rx,AB,0,6,EAIU4-U,SE2D408878,No,RRH_P4,0,0,TBD,TBD,TBD
LCV,LA04UB142,FDD,1,WASCCAAVBBULTE0614403,614403,sjslsmr02lems2,4,32,30,111.21.78.97,111.21.78.98,40,30,10.149.0.41,10.149.0.42,0,Outdoor,WASCCAAVBBULTE0614403,614403,sjslsmr02lems2,10,32,30,111.21.78.97,111.21.78.98,40,30,10.149.0.41,10.149.0.42,0,Outdoor,4B05,331,585,25,1937.5,1857.5,5,8115,26115,,,10.156.11.188/10.156.3.188,2T,4Rx,AB,0,6,EAIU4-U,SE2D408878,No,RRH_P4,0,0,TBD,TBD,TBD
LCV,LA04UB142,FDD,2,WASCCAAVBBULTE0614403,614403,sjslsmr02lems2,5,32,30,111.21.78.97,111.21.78.98,40,30,10.149.0.41,10.149.0.42,0,Outdoor,WASCCAAVBBULTE0614403,614403,sjslsmr02lems2,19,32,30,111.21.78.97,111.21.78.98,40,30,10.149.0.41,10.149.0.42,0,Outdoor,4B05,8,595,25,1937.5,1857.5,5,8115,26115,,,10.156.11.188/10.156.3.188,2T,4Rx,AB,0,6,EAIU4-U,SE2D408878,No,RRH_P4,0,0,TBD,TBD,TBD
LCV,LA04UB142,FDD,0,WASCCAAVBBULTE0614403,614403,sjslsmr02lems2,15(locked),32,30,111.21.78.97,111.21.78.98,40,30,10.149.0.41,10.149.0.42,0,Outdoor,WASCCAAVBBULTE0614403,614403,sjslsmr02lems2,2,32,30,111.21.78.97,111.21.78.98,40,30,10.149.0.41,10.149.0.42,0,Outdoor,4B05,225,575,26,866.3,821.3,5,8763,26763,,,10.156.11.188/10.156.3.188,2T,2Rx,AB,0,3,EAIU4-U,SE2D408878,No,RRH_C2,0,0,TBD,TBD,TBD
LCV,LA04UB142,FDD,1,WASCCAAVBBULTE0614403,614403,sjslsmr02lems2,16(locked),32,30,111.21.78.97,111.21.78.98,40,30,10.149.0.41,10.149.0.42,0,Outdoor,WASCCAAVBBULTE0614403,614403,sjslsmr02lems2,11,32,30,111.21.78.97,111.21.78.98,40,30,10.149.0.41,10.149.0.42,0,Outdoor,4B05,331,585,26,866.3,821.3,5,8763,26763,,,10.156.11.188/10.156.3.188,2T,2Rx,AB,0,3,EAIU4-U,SE2D408878,No,RRH_C2,0,0,TBD,TBD,TBD
LCV,LA04UB142,FDD,2,WASCCAAVBBULTE0614403,614403,sjslsmr02lems2,17(locked),32,30,111.21.78.97,111.21.78.98,40,30,10.149.0.41,10.149.0.42,0,Outdoor,WASCCAAVBBULTE0614403,614403,sjslsmr02lems2,20,32,30,111.21.78.97,111.21.78.98,40,30,10.149.0.41,10.149.0.42,0,Outdoor,4B05,8,595,26,866.3,821.3,5,8763,26763,,,10.156.11.188/10.156.3.188,2T,2Rx,AB,0,3,EAIU4-U,SE2D408878,No,RRH_C2,0,0,TBD,TBD,TBD
LCV,LA04UB143,FDD,0,BKFHCA04BBULTE0614404,614404,sjslsmr02lems2,0,32,30,111.21.78.161,111.21.78.162,40,30,10.149.0.49,10.149.0.50,0,Outdoor,BKFHCA04BBULTE0614404,614404,sjslsmr02lems2,0,32,30,111.21.78.161,111.21.78.162,40,30,10.149.0.49,10.149.0.50,0,Outdoor,4B05,9,65,25,1992.5,1912.5,5,8665,26665,,,10.156.11.188/10.156.3.188,2T,4Rx,AB,0,6,EAIU4-U,SE2D127202,No,RRH_P4,0,0,TBD,TBD,TBD
LCV,LA04UB143,FDD,1,BKFHCA04BBULTE0614404,614404,sjslsmr02lems2,1,32,30,111.21.78.161,111.21.78.162,40,30,10.149.0.49,10.149.0.50,0,Outdoor,BKFHCA04BBULTE0614404,614404,sjslsmr02lems2,9,32,30,111.21.78.161,111.21.78.162,40,30,10.149.0.49,10.149.0.50,0,Outdoor,4B05,271,75,25,1992.5,1912.5,5,8665,26665,,,10.156.11.188/10.156.3.188,2T,4Rx,AB,0,6,EAIU4-U,SE2D127202,No,RRH_P4,0,0,TBD,TBD,TBD
LCV,LA04UB143,FDD,2,BKFHCA04BBULTE0614404,614404,sjslsmr02lems2,2,32,30,111.21.78.161,111.21.78.162,40,30,10.149.0.49,10.149.0.50,0,Outdoor,BKFHCA04BBULTE0614404,614404,sjslsmr02lems2,18,32,30,111.21.78.161,111.21.78.162,40,30,10.149.0.49,10.149.0.50,0,Outdoor,4B05,401,85,25,1992.5,1912.5,5,8665,26665,,,10.156.11.188/10.156.3.188,2T,4Rx,AB,0,6,EAIU4-U,SE2D127202,No,RRH_P4,0,0,TBD,TBD,TBD
LCV,LA04UB143,FDD,0,BKFHCA04BBULTE0614404,614404,sjslsmr02lems2,3,32,30,111.21.78.161,111.21.78.162,40,30,10.149.0.49,10.149.0.50,0,Outdoor,BKFHCA04BBULTE0614404,614404,sjslsmr02lems2,1,32,30,111.21.78.161,111.21.78.162,40,30,10.149.0.49,10.149.0.50,0,Outdoor,4B05,9,65,25,1992.5,1912.5,5,8115,26115,,,10.156.11.188/10.156.3.188,2T,4Rx,AB,0,6,EAIU4-U,SE2D127202,No,RRH_P4,0,0,TBD,TBD,TBD
LCV,LA04UB143,FDD,1,BKFHCA04BBULTE0614404,614404,sjslsmr02lems2,4,32,30,111.21.78.161,111.21.78.162,40,30,10.149.0.49,10.149.0.50,0,Outdoor,BKFHCA04BBULTE0614404,614404,sjslsmr02lems2,10,32,30,111.21.78.161,111.21.78.162,40,30,10.149.0.49,10.149.0.50,0,Outdoor,4B05,271,75,25,1992.5,1912.5,5,8115,26115,,,10.156.11.188/10.156.3.188,2T,4Rx,AB,0,6,EAIU4-U,SE2D127202,No,RRH_P4,0,0,TBD,TBD,TBD
LCV,LA04UB143,FDD,2,BKFHCA04BBULTE0614404,614404,sjslsmr02lems2,5,32,30,111.21.78.161,111.21.78.162,40,30,10.149.0.49,10.149.0.50,0,Outdoor,BKFHCA04BBULTE0614404,614404,sjslsmr02lems2,19,32,30,111.21.78.161,111.21.78.162,40,30,10.149.0.49,10.149.0.50,0,Outdoor,4B05,401,85,25,1992.5,1912.5,5,8115,26115,,,10.156.11.188/10.156.3.188,2T,4Rx,AB,0,6,EAIU4-U,SE2D127202,No,RRH_P4,0,0,TBD,TBD,TBD
LCV,LA05UB137,FDD,0,WASCCA10BBULTE0614422,614422,sjslsmr02lems2,0,32,30,111.21.83.97,111.21.83.98,40,30,10.149.0.201,10.149.0.202,0,Outdoor,WASCCA10BBULTE0614422,614422,taclsmu01ep01,0,34,30,111.21.83.105,111.21.83.106,42,30,10.149.12.97,10.149.12.98,1,Outdoor,4B05,64,5,25,1992.5,1912.5,5,8665,26665,,,10.156.11.188/10.156.3.188,2T,4Rx,AB,0,6,EAIU4-U,SE2D502273,No,RRH_P4,0,0,TBD,TBD,TBD
LCV,LA05UB137,FDD,1,WASCCA10BBULTE0614422,614422,sjslsmr02lems2,1,32,30,111.21.83.97,111.21.83.98,40,30,10.149.0.201,10.149.0.202,0,Outdoor,WASCCA10BBULTE0614422,614422,taclsmu01ep01,9,34,30,111.21.83.105,111.21.83.106,42,30,10.149.12.97,10.149.12.98,1,Outdoor,4B05,66,15,25,1992.5,1912.5,5,8665,26665,,,10.156.11.188/10.156.3.188,2T,4Rx,AB,0,6,EAIU4-U,SE2D502273,No,RRH_P4,0,0,TBD,TBD,TBD
LCV,LA05UB137,FDD,2,WASCCA10BBULTE0614422,614422,sjslsmr02lems2,2,32,30,111.21.83.97,111.21.83.98,40,30,10.149.0.201,10.149.0.202,0,Outdoor,WASCCA10BBULTE0614422,614422,taclsmu01ep01,18,34,30,111.21.83.105,111.21.83.106,42,30,10.149.12.97,10.149.12.98,1,Outdoor,4B05,122,25,25,1992.5,1912.5,5,8665,26665,,,10.156.11.188/10.156.3.188,2T,4Rx,AB,0,6,EAIU4-U,SE2D502273,No,RRH_P4,0,0,TBD,TBD,TBD
LCV,LA05UB137,FDD,0,WASCCA10BBULTE0614422,614422,sjslsmr02lems2,3,32,30,111.21.83.97,111.21.83.98,40,30,10.149.0.201,10.149.0.202,0,Outdoor,WASCCA10BBULTE0614422,614422,taclsmu01ep01,1,34,30,111.21.83.105,111.21.83.106,42,30,10.149.12.97,10.149.12.98,1,Outdoor,4B05,64,5,25,1937.5,1857.5,5,8115,26115,,,10.156.11.188/10.156.3.188,2T,4Rx,AB,0,6,EAIU4-U,SE2D502273,No,RRH_P4,0,0,TBD,TBD,TBD
LCV,LA05UB137,FDD,1,WASCCA10BBULTE0614422,614422,sjslsmr02lems2,4,32,30,111.21.83.97,111.21.83.98,40,30,10.149.0.201,10.149.0.202,0,Outdoor,WASCCA10BBULTE0614422,614422,taclsmu01ep01,10,34,30,111.21.83.105,111.21.83.106,42,30,10.149.12.97,10.149.12.98,1,Outdoor,4B05,66,15,25,1937.5,1857.5,5,8115,26115,,,10.156.11.188/10.156.3.188,2T,4Rx,AB,0,6,EAIU4-U,SE2D502273,No,RRH_P4,0,0,TBD,TBD,TBD
LCV,LA05UB137,FDD,2,WASCCA10BBULTE0614422,614422,sjslsmr02lems2,5,32,30,111.21.83.97,111.21.83.98,40,30,10.149.0.201,10.149.0.202,0,Outdoor,WASCCA10BBULTE0614422,614422,taclsmu01ep01,19,34,30,111.21.83.105,111.21.83.106,42,30,10.149.12.97,10.149.12.98,1,Outdoor,4B05,122,25,25,1937.5,1857.5,5,8115,26115,,,10.156.11.188/10.156.3.188,2T,4Rx,AB,0,6,EAIU4-U,SE2D502273,No,RRH_P4,0,0,TBD,TBD,TBD
LCV,LA05UB137,TDD,0,WASCCA10BBULTE0619622,619622,taclsmu01ep01,0,34,30,111.21.83.105,111.21.83.106,42,30,10.149.12.97,10.149.12.98,1,Outdoor,WASCCA10BBULTE0614422,614422,taclsmu01ep01,3,34,30,111.21.83.105,111.21.83.106,42,30,10.149.12.97,10.149.12.98,1,Outdoor,4B05,50,120,41,2518.4,2518.4,20,39874,39874,39774,,10.156.11.188/10.156.3.188,8T,8R,ABCDEFGH,0,1.2,EAIU4-U,SE2D502273,No,RRH-B8,0,1,TBD,TBD,TBD
LCV,LA05UB137,TDD,1,WASCCA10BBULTE0619622,619622,taclsmu01ep01,1,34,30,111.21.83.105,111.21.83.106,42,30,10.149.12.97,10.149.12.98,1,Outdoor,WASCCA10BBULTE0614422,614422,taclsmu01ep01,4,34,30,111.21.83.105,111.21.83.106,42,30,10.149.12.97,10.149.12.98,1,Outdoor,4B05,49,128,41,2518.4,2518.4,20,39874,39874,39774,,10.156.11.188/10.156.3.188,8T,8R,ABCDEFGH,0,1.2,EAIU4-U,SE2D502273,No,RRH-B8,0,1,TBD,TBD,TBD
LCV,LA05UB137,TDD,2,WASCCA10BBULTE0619622,619622,taclsmu01ep01,2,34,30,111.21.83.105,111.21.83.106,42,30,10.149.12.97,10.149.12.98,1,Outdoor,WASCCA10BBULTE0614422,614422,taclsmu01ep01,5,34,30,111.21.83.105,111.21.83.106,42,30,10.149.12.97,10.149.12.98,1,Outdoor,4B05,48,136,41,2518.4,2518.4,20,39874,39874,39774,,10.156.11.188/10.156.3.188,8T,8R,ABCDEFGH,0,1.2,EAIU4-U,SE2D502273,No,RRH-B8,0,1,TBD,TBD,TBD
LCV,LA05UB137,TDD,0,WASCCA10BBULTE0619622,619622,taclsmu01ep01,3,34,30,111.21.83.105,111.21.83.106,42,30,10.149.12.97,10.149.12.98,1,Outdoor,WASCCA10BBULTE0614422,614422,taclsmu01ep01,12,34,30,111.21.83.105,111.21.83.106,42,30,10.149.12.97,10.149.12.98,1,Outdoor,4B05,50,120,41,2538.2,2538.2,20,40072,40072,39774,,10.156.11.188/10.156.3.188,8T,8R,ABCDEFGH,0,1.2,EAIU4-U,SE2D502273,No,RRH-B8,0,1,TBD,TBD,TBD
LCV,LA05UB137,TDD,1,WASCCA10BBULTE0619622,619622,taclsmu01ep01,4,34,30,111.21.83.105,111.21.83.106,42,30,10.149.12.97,10.149.12.98,1,Outdoor,WASCCA10BBULTE0614422,614422,taclsmu01ep01,13,34,30,111.21.83.105,111.21.83.106,42,30,10.149.12.97,10.149.12.98,1,Outdoor,4B05,49,128,41,2538.2,2538.2,20,40072,40072,39774,,10.156.11.188/10.156.3.188,8T,8R,ABCDEFGH,0,1.2,EAIU4-U,SE2D502273,No,RRH-B8,0,1,TBD,TBD,TBD
LCV,LA05UB137,TDD,2,WASCCA10BBULTE0619622,619622,taclsmu01ep01,5,34,30,111.21.83.105,111.21.83.106,42,30,10.149.12.97,10.149.12.98,1,Outdoor,WASCCA10BBULTE0614422,614422,taclsmu01ep01,14,34,30,111.21.83.105,111.21.83.106,42,30,10.149.12.97,10.149.12.98,1,Outdoor,4B05,48,136,41,2538.2,2538.2,20,40072,40072,39774,,10.156.11.188/10.156.3.188,8T,8R,ABCDEFGH,0,1.2,EAIU4-U,SE2D502273,No,RRH-B8,0,1,TBD,TBD,TBD
LCV,LA05UB137,TDD,0,WASCCA10BBULTE0619622,619622,taclsmu01ep01,6,34,30,111.21.83.105,111.21.83.106,42,30,10.149.12.97,10.149.12.98,1,Outdoor,WASCCA10BBULTE0614422,614422,taclsmu01ep01,6,34,30,111.21.83.105,111.21.83.106,42,30,10.149.12.97,10.149.12.98,1,Outdoor,4B05,50,120,41,2558,2558,20,40270,40270,39774,,10.156.11.188/10.156.3.188,8T,8R,ABCDEFGH,0,1.2,EAIU4-U,SE2D502273,No,RRH-B8,0,1,TBD,TBD,TBD
LCV,LA05UB137,TDD,1,WASCCA10BBULTE0619622,619622,taclsmu01ep01,7,34,30,111.21.83.105,111.21.83.106,42,30,10.149.12.97,10.149.12.98,1,Outdoor,WASCCA10BBULTE0614422,614422,taclsmu01ep01,7,34,30,111.21.83.105,111.21.83.106,42,30,10.149.12.97,10.149.12.98,1,Outdoor,4B05,49,128,41,2558,2558,20,40270,40270,39774,,10.156.11.188/10.156.3.188,8T,8R,ABCDEFGH,0,1.2,EAIU4-U,SE2D502273,No,RRH-B8,0,1,TBD,TBD,TBD
LCV,LA05UB137,TDD,2,WASCCA10BBULTE0619622,619622,taclsmu01ep01,8,34,30,111.21.83.105,111.21.83.106,42,30,10.149.12.97,10.149.12.98,1,Outdoor,WASCCA10BBULTE0614422,614422,taclsmu01ep01,8,34,30,111.21.83.105,111.21.83.106,42,30,10.149.12.97,10.149.12.98,1,Outdoor,4B05,48,136,41,2558,2558,20,40270,40270,39774,,10.156.11.188/10.156.3.188,8T,8R,ABCDEFGH,0,1.2,EAIU4-U,SE2D502273,No,RRH-B8,0,1,TBD,TBD,TBD
LCV,LA05UB138,FDD,0,SHFTCABCBBULTE0614423,614423,sjslsmr02lems2,0,32,30,111.21.83.161,111.21.83.162,40,30,10.149.0.209,10.149.0.210,0,Outdoor,SHFTCABCBBULTE0614423,614423,taclsmu01ep01,0,34,30,111.21.83.169,111.21.83.170,42,30,10.149.9.237,10.149.9.238,1,Outdoor,4B05,69,605,25,1992.5,1912.5,5,8665,26665,,,10.156.11.188/10.156.3.188,2T,4Rx,AB,0,6,EAIU4-U,SE4D600202,No,RRH_P4,0,0,TBD,TBD,TBD
LCV,LA05UB138,FDD,1,SHFTCABCBBULTE0614423,614423,sjslsmr02lems2,1,32,30,111.21.83.161,111.21.83.162,40,30,10.149.0.209,10.149.0.210,0,Outdoor,SHFTCABCBBULTE0614423,614423,taclsmu01ep01,9,34,30,111.21.83.169,111.21.83.170,42,30,10.149.9.237,10.149.9.238,1,Outdoor,4B05,136,615,25,1992.5,1912.5,5,8665,26665,,,10.156.11.188/10.156.3.188,2T,4Rx,AB,0,6,EAIU4-U,SE4D600202,No,RRH_P4,0,0,TBD,TBD,TBD
LCV,LA05UB138,FDD,2,SHFTCABCBBULTE0614423,614423,sjslsmr02lems2,2,32,30,111.21.83.161,111.21.83.162,40,30,10.149.0.209,10.149.0.210,0,Outdoor,SHFTCABCBBULTE0614423,614423,taclsmu01ep01,18,34,30,111.21.83.169,111.21.83.170,42,30,10.149.9.237,10.149.9.238,1,Outdoor,4B05,68,625,25,1992.5,1912.5,5,8665,26665,,,10.156.11.188/10.156.3.188,2T,4Rx,AB,0,6,EAIU4-U,SE4D600202,No,RRH_P4,0,0,TBD,TBD,TBD
LCV,LA05UB138,FDD,0,SHFTCABCBBULTE0614423,614423,sjslsmr02lems2,3,32,30,111.21.83.161,111.21.83.162,40,30,10.149.0.209,10.149.0.210,0,Outdoor,SHFTCABCBBULTE0614423,614423,taclsmu01ep01,1,34,30,111.21.83.169,111.21.83.170,42,30,10.149.9.237,10.149.9.238,1,Outdoor,4B05,69,605,25,1937.5,1857.5,5,8115,26115,,,10.156.11.188/10.156.3.188,2T,4Rx,AB,0,6,EAIU4-U,SE4D600202,No,RRH_P4,0,0,TBD,TBD,TBD
LCV,LA05UB138,FDD,1,SHFTCABCBBULTE0614423,614423,sjslsmr02lems2,4,32,30,111.21.83.161,111.21.83.162,40,30,10.149.0.209,10.149.0.210,0,Outdoor,SHFTCABCBBULTE0614423,614423,taclsmu01ep01,10,34,30,111.21.83.169,111.21.83.170,42,30,10.149.9.237,10.149.9.238,1,Outdoor,4B05,136,615,25,1937.5,1857.5,5,8115,26115,,,10.156.11.188/10.156.3.188,2T,4Rx,AB,0,6,EAIU4-U,SE4D600202,No,RRH_P4,0,0,TBD,TBD,TBD
LCV,LA05UB138,FDD,2,SHFTCABCBBULTE0614423,614423,sjslsmr02lems2,5,32,30,111.21.83.161,111.21.83.162,40,30,10.149.0.209,10.149.0.210,0,Outdoor,SHFTCABCBBULTE0614423,614423,taclsmu01ep01,19,34,30,111.21.83.169,111.21.83.170,42,30,10.149.9.237,10.149.9.238,1,Outdoor,4B05,68,625,25,1937.5,1857.5,5,8115,26115,,,10.156.11.188/10.156.3.188,2T,4Rx,AB,0,6,EAIU4-U,SE4D600202,No,RRH_P4,0,0,TBD,TBD,TBD
LCV,LA05UB138,TDD,0,SHFTCABCBBULTE0619623,619623,taclsmu01ep01,0,34,30,111.21.83.169,111.21.83.170,42,30,10.149.9.237,10.149.9.238,1,Outdoor,SHFTCABCBBULTE0614423,614423,taclsmu01ep01,3,34,30,111.21.83.169,111.21.83.170,42,30,10.149.9.237,10.149.9.238,1,Outdoor,4B05,75,216,41,2518.4,2518.4,20,39874,39874,39774,,10.156.11.188/10.156.3.188,8T,8R,ABCDEFGH,0,1.2,EAIU4-U,SE4D600202,No,RRH-B8,0,1,TBD,TBD,TBD
LCV,LA05UB138,TDD,1,SHFTCABCBBULTE0619623,619623,taclsmu01ep01,1,34,30,111.21.83.169,111.21.83.170,42,30,10.149.9.237,10.149.9.238,1,Outdoor,SHFTCABCBBULTE0614423,614423,taclsmu01ep01,4,34,30,111.21.83.169,111.21.83.170,42,30,10.149.9.237,10.149.9.238,1,Outdoor,4B05,76,224,41,2518.4,2518.4,20,39874,39874,39774,,10.156.11.188/10.156.3.188,8T,8R,ABCDEFGH,0,1.2,EAIU4-U,SE4D600202,No,RRH-B8,0,1,TBD,TBD,TBD
LCV,LA05UB138,TDD,2,SHFTCABCBBULTE0619623,619623,taclsmu01ep01,2,34,30,111.21.83.169,111.21.83.170,42,30,10.149.9.237,10.149.9.238,1,Outdoor,SHFTCABCBBULTE0614423,614423,taclsmu01ep01,5,34,30,111.21.83.169,111.21.83.170,42,30,10.149.9.237,10.149.9.238,1,Outdoor,4B05,77,232,41,2518.4,2518.4,20,39874,39874,39774,,10.156.11.188/10.156.3.188,8T,8R,ABCDEFGH,0,1.2,EAIU4-U,SE4D600202,No,RRH-B8,0,1,TBD,TBD,TBD
LCV,LA05UB138,TDD,0,SHFTCABCBBULTE0619623,619623,taclsmu01ep01,3,34,30,111.21.83.169,111.21.83.170,42,30,10.149.9.237,10.149.9.238,1,Outdoor,SHFTCABCBBULTE0614423,614423,taclsmu01ep01,12,34,30,111.21.83.169,111.21.83.170,42,30,10.149.9.237,10.149.9.238,1,Outdoor,4B05,75,216,41,2538.2,2538.2,20,40072,40072,39774,,10.156.11.188/10.156.3.188,8T,8R,ABCDEFGH,0,1.2,EAIU4-U,SE4D600202,No,RRH-B8,0,1,TBD,TBD,TBD
LCV,LA05UB138,TDD,1,SHFTCABCBBULTE0619623,619623,taclsmu01ep01,4,34,30,111.21.83.169,111.21.83.170,42,30,10.149.9.237,10.149.9.238,1,Outdoor,SHFTCABCBBULTE0614423,614423,taclsmu01ep01,13,34,30,111.21.83.169,111.21.83.170,42,30,10.149.9.237,10.149.9.238,1,Outdoor,4B05,76,224,41,2538.2,2538.2,20,40072,40072,39774,,10.156.11.188/10.156.3.188,8T,8R,ABCDEFGH,0,1.2,EAIU4-U,SE4D600202,No,RRH-B8,0,1,TBD,TBD,TBD
LCV,LA05UB138,TDD,2,SHFTCABCBBULTE0619623,619623,taclsmu01ep01,5,34,30,111.21.83.169,111.21.83.170,42,30,10.149.9.237,10.149.9.238,1,Outdoor,SHFTCABCBBULTE0614423,614423,taclsmu01ep01,14,34,30,111.21.83.169,111.21.83.170,42,30,10.149.9.237,10.149.9.238,1,Outdoor,4B05,77,232,41,2538.2,2538.2,20,40072,40072,39774,,10.156.11.188/10.156.3.188,8T,8R,ABCDEFGH,0,1.2,EAIU4-U,SE4D600202,No,RRH-B8,0,1,TBD,TBD,TBD
LCV,LA05UB138,TDD,0,SHFTCABCBBULTE0619623,619623,taclsmu01ep01,6,34,30,111.21.83.169,111.21.83.170,42,30,10.149.9.237,10.149.9.238,1,Outdoor,SHFTCABCBBULTE0614423,614423,taclsmu01ep01,6,34,30,111.21.83.169,111.21.83.170,42,30,10.149.9.237,10.149.9.238,1,Outdoor,4B05,75,216,41,2558,2558,20,40270,40270,39774,,10.156.11.188/10.156.3.188,8T,8R,ABCDEFGH,0,1.2,EAIU4-U,SE4D600202,No,RRH-B8,0,1,TBD,TBD,TBD
LCV,LA05UB138,TDD,1,SHFTCABCBBULTE0619623,619623,taclsmu01ep01,7,34,30,111.21.83.169,111.21.83.170,42,30,10.149.9.237,10.149.9.238,1,Outdoor,SHFTCABCBBULTE0614423,614423,taclsmu01ep01,7,34,30,111.21.83.169,111.21.83.170,42,30,10.149.9.237,10.149.9.238,1,Outdoor,4B05,76,224,41,2558,2558,20,40270,40270,39774,,10.156.11.188/10.156.3.188,8T,8R,ABCDEFGH,0,1.2,EAIU4-U,SE4D600202,No,RRH-B8,0,1,TBD,TBD,TBD
LCV,LA05UB138,TDD,2,SHFTCABCBBULTE0619623,619623,taclsmu01ep01,8,34,30,111.21.83.169,111.21.83.170,42,30,10.149.9.237,10.149.9.238,1,Outdoor,SHFTCABCBBULTE0614423,614423,taclsmu01ep01,8,34,30,111.21.83.169,111.21.83.170,42,30,10.149.9.237,10.149.9.238,1,Outdoor,4B05,77,232,41,2558,2558,20,40270,40270,39774,,10.156.11.188/10.156.3.188,8T,8R,ABCDEFGH,0,1.2,EAIU4-U,SE4D600202,No,RRH-B8,0,1,TBD,TBD,TBD
LCV,SF03UB176,FDD,0,ERLMCAAJBBULTE0614474,614474,sjslsmr02lems2,0,32,30,111.21.97.161,111.21.97.162,40,30,10.149.2.145,10.149.2.146,0,Outdoor,ERLMCAAJBBULTE0614474,614474,taclsmu01ep01,0,34,30,111.21.97.169,111.21.97.170,42,30,10.149.10.209,10.149.10.210,1,Outdoor,4B05,354,605,25,1992.5,1912.5,10,8140,26140,,,10.156.11.188/10.156.3.188,2T,4Rx,AB,0,6,EAIU4-U,SE2D313277,Yes,RRH_P4,0,0,TBD,TBD,TBD
LCV,SF03UB176,FDD,1,ERLMCAAJBBULTE0614474,614474,sjslsmr02lems2,1,32,30,111.21.97.161,111.21.97.162,40,30,10.149.2.145,10.149.2.146,0,Outdoor,ERLMCAAJBBULTE0614474,614474,taclsmu01ep01,9,34,30,111.21.97.169,111.21.97.170,42,30,10.149.10.209,10.149.10.210,1,Outdoor,4B05,221,615,25,1992.5,1912.5,10,8140,26140,,,10.156.11.188/10.156.3.188,2T,4Rx,AB,0,6,EAIU4-U,SE2D313277,Yes,RRH_P4,0,0,TBD,TBD,TBD
LCV,SF03UB176,FDD,2,ERLMCAAJBBULTE0614474,614474,sjslsmr02lems2,2,32,30,111.21.97.161,111.21.97.162,40,30,10.149.2.145,10.149.2.146,0,Outdoor,ERLMCAAJBBULTE0614474,614474,taclsmu01ep01,18,34,30,111.21.97.169,111.21.97.170,42,30,10.149.10.209,10.149.10.210,1,Outdoor,4B05,223,625,25,1992.5,1912.5,10,8140,26140,,,10.156.11.188/10.156.3.188,2T,4Rx,AB,0,6,EAIU4-U,SE2D313277,Yes,RRH_P4,0,0,TBD,TBD,TBD
LCV,SF03UB176,FDD,0,ERLMCAAJBBULTE0614474,614474,sjslsmr02lems2,15,32,30,111.21.97.161,111.21.97.162,40,30,10.149.2.145,10.149.2.146,0,Outdoor,ERLMCAAJBBULTE0614474,614474,taclsmu01ep01,2,34,30,111.21.97.169,111.21.97.170,42,30,10.149.10.209,10.149.10.210,1,Outdoor,4B05,354,605,26,866.3,821.3,5,8763,26763,,,10.156.11.188/10.156.3.188,2T,2Rx,AB,0,3,EAIU4-U,SE2D313277,Yes,RRH_C2,0,0,TBD,TBD,TBD
LCV,SF03UB176,FDD,1,ERLMCAAJBBULTE0614474,614474,sjslsmr02lems2,16,32,30,111.21.97.161,111.21.97.162,40,30,10.149.2.145,10.149.2.146,0,Outdoor,ERLMCAAJBBULTE0614474,614474,taclsmu01ep01,11,34,30,111.21.97.169,111.21.97.170,42,30,10.149.10.209,10.149.10.210,1,Outdoor,4B05,221,615,26,866.3,821.3,5,8763,26763,,,10.156.11.188/10.156.3.188,2T,2Rx,AB,0,3,EAIU4-U,SE2D313277,Yes,RRH_C2,0,0,TBD,TBD,TBD
LCV,SF03UB176,FDD,2,ERLMCAAJBBULTE0614474,614474,sjslsmr02lems2,17,32,30,111.21.97.161,111.21.97.162,40,30,10.149.2.145,10.149.2.146,0,Outdoor,ERLMCAAJBBULTE0614474,614474,taclsmu01ep01,20,34,30,111.21.97.169,111.21.97.170,42,30,10.149.10.209,10.149.10.210,1,Outdoor,4B05,223,625,26,866.3,821.3,5,8763,26763,,,10.156.11.188/10.156.3.188,2T,2Rx,AB,0,3,EAIU4-U,SE2D313277,Yes,RRH_C2,0,0,TBD,TBD,TBD
LCV,SF03UB176,TDD,0,ERLMCAAJBBULTE0619674,619674,taclsmu01ep01,0,34,30,111.21.97.169,111.21.97.170,42,30,10.149.10.209,10.149.10.210,1,Outdoor,ERLMCAAJBBULTE0614474,614474,taclsmu01ep01,3,34,30,111.21.97.169,111.21.97.170,42,30,10.149.10.209,10.149.10.210,1,Outdoor,4B05,234,360,41,2628.8,2628.8,20,40978,40978,40878,,10.156.11.188/10.156.3.188,8T,8R,ABCDEFGH,0,1.2,EAIU4-UA,S43E700060,Yes,RRH-B8,0,1,TBD,TBD,TBD
LCV,SF03UB176,TDD,1,ERLMCAAJBBULTE0619674,619674,taclsmu01ep01,1,34,30,111.21.97.169,111.21.97.170,42,30,10.149.10.209,10.149.10.210,1,Outdoor,ERLMCAAJBBULTE0614474,614474,taclsmu01ep01,4,34,30,111.21.97.169,111.21.97.170,42,30,10.149.10.209,10.149.10.210,1,Outdoor,4B05,236,368,41,2628.8,2628.8,20,40978,40978,40878,,10.156.11.188/10.156.3.188,8T,8R,ABCDEFGH,0,1.2,EAIU4-UA,S43E700060,Yes,RRH-B8,0,1,TBD,TBD,TBD
LCV,SF03UB176,TDD,2,ERLMCAAJBBULTE0619674,619674,taclsmu01ep01,2,34,30,111.21.97.169,111.21.97.170,42,30,10.149.10.209,10.149.10.210,1,Outdoor,ERLMCAAJBBULTE0614474,614474,taclsmu01ep01,5,34,30,111.21.97.169,111.21.97.170,42,30,10.149.10.209,10.149.10.210,1,Outdoor,4B05,235,376,41,2628.8,2628.8,20,40978,40978,40878,,10.156.11.188/10.156.3.188,8T,8R,ABCDEFGH,0,1.2,EAIU4-UA,S43E700060,Yes,RRH-B8,0,1,TBD,TBD,TBD
LCV,SF03UB176,TDD,0,ERLMCAAJBBULTE0619674,619674,taclsmu01ep01,3,34,30,111.21.97.169,111.21.97.170,42,30,10.149.10.209,10.149.10.210,1,Outdoor,ERLMCAAJBBULTE0614474,614474,taclsmu01ep01,12,34,30,111.21.97.169,111.21.97.170,42,30,10.149.10.209,10.149.10.210,1,Outdoor,4B05,234,360,41,2648.6,2648.6,20,41176,41176,40878,,10.156.11.188/10.156.3.188,8T,8R,ABCDEFGH,0,1.2,EAIU4-UA,S43E700060,Yes,RRH-B8,0,1,TBD,TBD,TBD
LCV,SF03UB176,TDD,1,ERLMCAAJBBULTE0619674,619674,taclsmu01ep01,4,34,30,111.21.97.169,111.21.97.170,42,30,10.149.10.209,10.149.10.210,1,Outdoor,ERLMCAAJBBULTE0614474,614474,taclsmu01ep01,13,34,30,111.21.97.169,111.21.97.170,42,30,10.149.10.209,10.149.10.210,1,Outdoor,4B05,236,368,41,2648.6,2648.6,20,41176,41176,40878,,10.156.11.188/10.156.3.188,8T,8R,ABCDEFGH,0,1.2,EAIU4-UA,S43E700060,Yes,RRH-B8,0,1,TBD,TBD,TBD
LCV,SF03UB176,TDD,2,ERLMCAAJBBULTE0619674,619674,taclsmu01ep01,5,34,30,111.21.97.169,111.21.97.170,42,30,10.149.10.209,10.149.10.210,1,Outdoor,ERLMCAAJBBULTE0614474,614474,taclsmu01ep01,14,34,30,111.21.97.169,111.21.97.170,42,30,10.149.10.209,10.149.10.210,1,Outdoor,4B05,235,376,41,2648.6,2648.6,20,41176,41176,40878,,10.156.11.188/10.156.3.188,8T,8R,ABCDEFGH,0,1.2,EAIU4-UA,S43E700060,Yes,RRH-B8,0,1,TBD,TBD,TBD
LCV,SF72XC088,FDD,0,SHFTCADJBBULTE0614540,614540,sjslsmr02lems2,0,32,30,111.21.116.161,111.21.116.162,40,30,10.149.4.241,10.149.4.242,0,Indoor,SHFTCADJBBULTE0614540,614540,sjslsmr02lems2,0,34,30,111.21.116.169,111.21.116.170,42,30,10.149.9.161,10.149.9.162,1,Indoor,4B05,428,165,25,1992.5,1912.5,5,8665,26665,,,10.156.11.188/10.156.3.188,2T,4R,AB,0,6,EAIU4-U_I,NA,No,RRH_P4,0,0,TBD,TBD,TBD
LCV,SF72XC088,FDD,1,SHFTCADJBBULTE0614540,614540,sjslsmr02lems2,1,32,30,111.21.116.161,111.21.116.162,40,30,10.149.4.241,10.149.4.242,0,Indoor,SHFTCADJBBULTE0614540,614540,sjslsmr02lems2,9,34,30,111.21.116.169,111.21.116.170,42,30,10.149.9.161,10.149.9.162,1,Indoor,4B05,241,175,25,1992.5,1912.5,5,8665,26665,,,10.156.11.188/10.156.3.188,2T,4R,AB,0,6,EAIU4-U_I,NA,No,RRH_P4,0,0,TBD,TBD,TBD
LCV,SF72XC088,FDD,2,SHFTCADJBBULTE0614540,614540,sjslsmr02lems2,2,32,30,111.21.116.161,111.21.116.162,40,30,10.149.4.241,10.149.4.242,0,Indoor,SHFTCADJBBULTE0614540,614540,sjslsmr02lems2,18,34,30,111.21.116.169,111.21.116.170,42,30,10.149.9.161,10.149.9.162,1,Indoor,4B05,12,155,25,1992.5,1912.5,5,8665,26665,,,10.156.11.188/10.156.3.188,2T,4R,AB,0,6,EAIU4-U_I,NA,No,RRH_P4,0,0,TBD,TBD,TBD
LCV,SF72XC088,FDD,0,SHFTCADJBBULTE0614540,614540,sjslsmr02lems2,3,32,30,111.21.116.161,111.21.116.162,40,30,10.149.4.241,10.149.4.242,0,Indoor,SHFTCADJBBULTE0614540,614540,sjslsmr02lems2,1,34,30,111.21.116.169,111.21.116.170,42,30,10.149.9.161,10.149.9.162,1,Indoor,4B05,428,165,25,1937.5,1857.5,5,8115,26115,,,10.156.11.188/10.156.3.188,2T,4R,AB,0,6,EAIU4-U_I,NA,No,RRH_P4,0,0,TBD,TBD,TBD
LCV,SF72XC088,FDD,1,SHFTCADJBBULTE0614540,614540,sjslsmr02lems2,4,32,30,111.21.116.161,111.21.116.162,40,30,10.149.4.241,10.149.4.242,0,Indoor,SHFTCADJBBULTE0614540,614540,sjslsmr02lems2,10,34,30,111.21.116.169,111.21.116.170,42,30,10.149.9.161,10.149.9.162,1,Indoor,4B05,241,175,25,1937.5,1857.5,5,8115,26115,,,10.156.11.188/10.156.3.188,2T,4R,AB,0,6,EAIU4-U_I,NA,No,RRH_P4,0,0,TBD,TBD,TBD
LCV,SF72XC088,FDD,2,SHFTCADJBBULTE0614540,614540,sjslsmr02lems2,5,32,30,111.21.116.161,111.21.116.162,40,30,10.149.4.241,10.149.4.242,0,Indoor,SHFTCADJBBULTE0614540,614540,sjslsmr02lems2,19,34,30,111.21.116.169,111.21.116.170,42,30,10.149.9.161,10.149.9.162,1,Indoor,4B05,12,155,25,1937.5,1857.5,5,8115,26115,,,10.156.11.188/10.156.3.188,2T,4R,AB,0,6,EAIU4-U_I,NA,No,RRH_P4,0,0,TBD,TBD,TBD
LCV,SF72XC088,FDD,0,SHFTCADJBBULTE0614540,614540,sjslsmr02lems2,15(locked),32,30,111.21.116.161,111.21.116.162,40,30,10.149.4.241,10.149.4.242,0,Indoor,SHFTCADJBBULTE0614540,614540,sjslsmr02lems2,2,34,30,111.21.116.169,111.21.116.170,42,30,10.149.9.161,10.149.9.162,1,Indoor,4B05,428,165,26,866.3,821.3,5,8763,26763,,,10.156.11.188/10.156.3.188,2T,2R,AB,0,3,EAIU4-U_I,NA,No,RRH_C2,0,0,TBD,TBD,TBD
LCV,SF72XC088,FDD,1,SHFTCADJBBULTE0614540,614540,sjslsmr02lems2,16(locked),32,30,111.21.116.161,111.21.116.162,40,30,10.149.4.241,10.149.4.242,0,Indoor,SHFTCADJBBULTE0614540,614540,sjslsmr02lems2,11,34,30,111.21.116.169,111.21.116.170,42,30,10.149.9.161,10.149.9.162,1,Indoor,4B05,241,175,26,866.3,821.3,5,8763,26763,,,10.156.11.188/10.156.3.188,2T,2R,AB,0,3,EAIU4-U_I,NA,No,RRH_C2,0,0,TBD,TBD,TBD
LCV,SF72XC088,FDD,2,SHFTCADJBBULTE0614540,614540,sjslsmr02lems2,17(locked),32,30,111.21.116.161,111.21.116.162,40,30,10.149.4.241,10.149.4.242,0,Indoor,SHFTCADJBBULTE0614540,614540,sjslsmr02lems2,20,34,30,111.21.116.169,111.21.116.170,42,30,10.149.9.161,10.149.9.162,1,Indoor,4B05,12,155,26,866.3,821.3,5,8763,26763,,,10.156.11.188/10.156.3.188,2T,2R,AB,0,3,EAIU4-U_I,NA,No,RRH_C2,0,0,TBD,TBD,TBD
LCV,SF72XC088,TDD,0,SHFTCADJBBULTE0619740,619740,taclsmu01ep01,0,34,30,111.21.116.169,111.21.116.170,42,30,10.149.9.161,10.149.9.162,1,Indoor,SHFTCADJBBULTE0614540,614540,sjslsmr02lems2,3,34,30,111.21.116.169,111.21.116.170,42,30,10.149.9.161,10.149.9.162,1,Indoor,4B05,383,296,41,2518.4,2518.4,20,39874,39874,39774,,10.156.11.188/10.156.3.188,8T,8R,ABCDEFGH,0,1.2,EAIU4-U_I,NA,No,RRH-B8,0,1,TBD,TBD,TBD
LCV,SF72XC088,TDD,1,SHFTCADJBBULTE0619740,619740,taclsmu01ep01,1,34,30,111.21.116.169,111.21.116.170,42,30,10.149.9.161,10.149.9.162,1,Indoor,SHFTCADJBBULTE0614540,614540,sjslsmr02lems2,4,34,30,111.21.116.169,111.21.116.170,42,30,10.149.9.161,10.149.9.162,1,Indoor,4B05,382,304,41,2518.4,2518.4,20,39874,39874,39774,,10.156.11.188/10.156.3.188,8T,8R,ABCDEFGH,0,1.2,EAIU4-U_I,NA,No,RRH-B8,0,1,TBD,TBD,TBD
LCV,SF72XC088,TDD,2,SHFTCADJBBULTE0619740,619740,taclsmu01ep01,2,34,30,111.21.116.169,111.21.116.170,42,30,10.149.9.161,10.149.9.162,1,Indoor,SHFTCADJBBULTE0614540,614540,sjslsmr02lems2,5,34,30,111.21.116.169,111.21.116.170,42,30,10.149.9.161,10.149.9.162,1,Indoor,4B05,381,288,41,2518.4,2518.4,20,39874,39874,39774,,10.156.11.188/10.156.3.188,8T,8R,ABCDEFGH,0,1.2,EAIU4-U_I,NA,No,RRH-B8,0,1,TBD,TBD,TBD
LCV,SF72XC088,TDD,0,SHFTCADJBBULTE0619740,619740,taclsmu01ep01,3,34,30,111.21.116.169,111.21.116.170,42,30,10.149.9.161,10.149.9.162,1,Indoor,SHFTCADJBBULTE0614540,614540,sjslsmr02lems2,12,34,30,111.21.116.169,111.21.116.170,42,30,10.149.9.161,10.149.9.162,1,Indoor,4B05,383,296,41,2538.2,2538.2,20,40072,40072,39774,,10.156.11.188/10.156.3.188,8T,8R,ABCDEFGH,0,1.2,EAIU4-U_I,NA,No,RRH-B8,0,1,TBD,TBD,TBD
LCV,SF72XC088,TDD,1,SHFTCADJBBULTE0619740,619740,taclsmu01ep01,4,34,30,111.21.116.169,111.21.116.170,42,30,10.149.9.161,10.149.9.162,1,Indoor,SHFTCADJBBULTE0614540,614540,sjslsmr02lems2,13,34,30,111.21.116.169,111.21.116.170,42,30,10.149.9.161,10.149.9.162,1,Indoor,4B05,382,304,41,2538.2,2538.2,20,40072,40072,39774,,10.156.11.188/10.156.3.188,8T,8R,ABCDEFGH,0,1.2,EAIU4-U_I,NA,No,RRH-B8,0,1,TBD,TBD,TBD
LCV,SF72XC088,TDD,2,SHFTCADJBBULTE0619740,619740,taclsmu01ep01,5,34,30,111.21.116.169,111.21.116.170,42,30,10.149.9.161,10.149.9.162,1,Indoor,SHFTCADJBBULTE0614540,614540,sjslsmr02lems2,14,34,30,111.21.116.169,111.21.116.170,42,30,10.149.9.161,10.149.9.162,1,Indoor,4B05,381,288,41,2538.2,2538.2,20,40072,40072,39774,,10.156.11.188/10.156.3.188,8T,8R,ABCDEFGH,0,1.2,EAIU4-U_I,NA,No,RRH-B8,0,1,TBD,TBD,TBD
LCV,SF72XC088,TDD,0,SHFTCADJBBULTE0619740,619740,taclsmu01ep01,6,34,30,111.21.116.169,111.21.116.170,42,30,10.149.9.161,10.149.9.162,1,Indoor,SHFTCADJBBULTE0614540,614540,sjslsmr02lems2,6,34,30,111.21.116.169,111.21.116.170,42,30,10.149.9.161,10.149.9.162,1,Indoor,4B05,383,296,41,2558,2558,20,40270,40270,39774,,10.156.11.188/10.156.3.188,8T,8R,ABCDEFGH,0,1.2,EAIU4-U_I,NA,No,RRH-B8,0,1,TBD,TBD,TBD
LCV,SF72XC088,TDD,1,SHFTCADJBBULTE0619740,619740,taclsmu01ep01,7,34,30,111.21.116.169,111.21.116.170,42,30,10.149.9.161,10.149.9.162,1,Indoor,SHFTCADJBBULTE0614540,614540,sjslsmr02lems2,7,34,30,111.21.116.169,111.21.116.170,42,30,10.149.9.161,10.149.9.162,1,Indoor,4B05,382,304,41,2558,2558,20,40270,40270,39774,,10.156.11.188/10.156.3.188,8T,8R,ABCDEFGH,0,1.2,EAIU4-U_I,NA,No,RRH-B8,0,1,TBD,TBD,TBD
LCV,SF72XC088,TDD,2,SHFTCADJBBULTE0619740,619740,taclsmu01ep01,8,34,30,111.21.116.169,111.21.116.170,42,30,10.149.9.161,10.149.9.162,1,Indoor,SHFTCADJBBULTE0614540,614540,sjslsmr02lems2,8,34,30,111.21.116.169,111.21.116.170,42,30,10.149.9.161,10.149.9.162,1,Indoor,4B05,381,288,41,2558,2558,20,40270,40270,39774,,10.156.11.188/10.156.3.188,8T,8R,ABCDEFGH,0,1.2,EAIU4-U_I,NA,No,RRH-B8,0,1,TBD,TBD,TBD
LCV,SF72XC089,FDD,0,WASCCAAOBBULTE0614541,614541,sjslsmr02lems2,0,32,30,111.21.116.225,111.21.116.226,40,30,10.149.4.249,10.149.4.250,0,Indoor,WASCCAAOBBULTE0614541,614541,sjslsmr02lems2,0,34,30,111.21.116.233,111.21.116.234,42,30,10.149.11.241,10.149.11.242,1,Indoor,4B05,430,105,25,1992.5,1912.5,5,8665,26665,,,10.156.11.188/10.156.3.188,2T,4R,AB,0,6,EAIU4-U_I,S61D966122,Yes,RRH_P4,0,0,TBD,TBD,TBD
LCV,SF72XC089,FDD,1,WASCCAAOBBULTE0614541,614541,sjslsmr02lems2,1,32,30,111.21.116.225,111.21.116.226,40,30,10.149.4.249,10.149.4.250,0,Indoor,WASCCAAOBBULTE0614541,614541,sjslsmr02lems2,9,34,30,111.21.116.233,111.21.116.234,42,30,10.149.11.241,10.149.11.242,1,Indoor,4B05,362,115,25,1992.5,1912.5,5,8665,26665,,,10.156.11.188/10.156.3.188,2T,4R,AB,0,6,EAIU4-U_I,S61D966122,Yes,RRH_P4,0,0,TBD,TBD,TBD
LCV,SF72XC089,FDD,2,WASCCAAOBBULTE0614541,614541,sjslsmr02lems2,2,32,30,111.21.116.225,111.21.116.226,40,30,10.149.4.249,10.149.4.250,0,Indoor,WASCCAAOBBULTE0614541,614541,sjslsmr02lems2,18,34,30,111.21.116.233,111.21.116.234,42,30,10.149.11.241,10.149.11.242,1,Indoor,4B05,72,95,25,1992.5,1912.5,5,8665,26665,,,10.156.11.188/10.156.3.188,2T,4R,AB,0,6,EAIU4-U_I,S61D966122,Yes,RRH_P4,0,0,TBD,TBD,TBD
LCV,SF72XC089,FDD,0,WASCCAAOBBULTE0614541,614541,sjslsmr02lems2,3,32,30,111.21.116.225,111.21.116.226,40,30,10.149.4.249,10.149.4.250,0,Indoor,WASCCAAOBBULTE0614541,614541,sjslsmr02lems2,1,34,30,111.21.116.233,111.21.116.234,42,30,10.149.11.241,10.149.11.242,1,Indoor,4B05,430,105,25,1937.5,1857.5,5,8115,26115,,,10.156.11.188/10.156.3.188,2T,4R,AB,0,6,EAIU4-U_I,S61D966122,Yes,RRH_P4,0,0,TBD,TBD,TBD
LCV,SF72XC089,FDD,1,WASCCAAOBBULTE0614541,614541,sjslsmr02lems2,4,32,30,111.21.116.225,111.21.116.226,40,30,10.149.4.249,10.149.4.250,0,Indoor,WASCCAAOBBULTE0614541,614541,sjslsmr02lems2,10,34,30,111.21.116.233,111.21.116.234,42,30,10.149.11.241,10.149.11.242,1,Indoor,4B05,362,115,25,1937.5,1857.5,5,8115,26115,,,10.156.11.188/10.156.3.188,2T,4R,AB,0,6,EAIU4-U_I,S61D966122,Yes,RRH_P4,0,0,TBD,TBD,TBD
LCV,SF72XC089,FDD,2,WASCCAAOBBULTE0614541,614541,sjslsmr02lems2,5,32,30,111.21.116.225,111.21.116.226,40,30,10.149.4.249,10.149.4.250,0,Indoor,WASCCAAOBBULTE0614541,614541,sjslsmr02lems2,19,34,30,111.21.116.233,111.21.116.234,42,30,10.149.11.241,10.149.11.242,1,Indoor,4B05,72,95,25,1937.5,1857.5,5,8115,26115,,,10.156.11.188/10.156.3.188,2T,4R,AB,0,6,EAIU4-U_I,S61D966122,Yes,RRH_P4,0,0,TBD,TBD,TBD
LCV,SF72XC089,TDD,0,WASCCAAOBBULTE0619741,619741,taclsmu01ep01,0,34,30,111.21.116.233,111.21.116.234,42,30,10.149.11.241,10.149.11.242,1,Outdoor,WASCCAAOBBULTE0614541,614541,sjslsmr02lems2,3,34,30,111.21.116.233,111.21.116.234,42,30,10.149.11.241,10.149.11.242,1,Indoor,4B05,385,104,41,2518.4,2518.4,20,39874,39874,39774,,10.156.11.188/10.156.3.188,8T,8R,ABCDEFGH,0,1.2,EAIU4-UA,S43E300069,Yes,RRH-B8,0,1,TBD,TBD,TBD
LCV,SF72XC089,TDD,1,WASCCAAOBBULTE0619741,619741,taclsmu01ep01,1,34,30,111.21.116.233,111.21.116.234,42,30,10.149.11.241,10.149.11.242,1,Outdoor,WASCCAAOBBULTE0614541,614541,sjslsmr02lems2,4,34,30,111.21.116.233,111.21.116.234,42,30,10.149.11.241,10.149.11.242,1,Indoor,4B05,386,112,41,2518.4,2518.4,20,39874,39874,39774,,10.156.11.188/10.156.3.188,8T,8R,ABCDEFGH,0,1.2,EAIU4-UA,S43E300069,Yes,RRH-B8,0,1,TBD,TBD,TBD
LCV,SF72XC089,TDD,2,WASCCAAOBBULTE0619741,619741,taclsmu01ep01,2,34,30,111.21.116.233,111.21.116.234,42,30,10.149.11.241,10.149.11.242,1,Outdoor,WASCCAAOBBULTE0614541,614541,sjslsmr02lems2,5,34,30,111.21.116.233,111.21.116.234,42,30,10.149.11.241,10.149.11.242,1,Indoor,4B05,384,96,41,2518.4,2518.4,20,39874,39874,39774,,10.156.11.188/10.156.3.188,8T,8R,ABCDEFGH,0,1.2,EAIU4-UA,S43E300069,Yes,RRH-B8,0,1,TBD,TBD,TBD
LCV,SF72XC089,TDD,0,WASCCAAOBBULTE0619741,619741,taclsmu01ep01,3,34,30,111.21.116.233,111.21.116.234,42,30,10.149.11.241,10.149.11.242,1,Outdoor,WASCCAAOBBULTE0614541,614541,sjslsmr02lems2,12,34,30,111.21.116.233,111.21.116.234,42,30,10.149.11.241,10.149.11.242,1,Indoor,4B05,385,104,41,2538.2,2538.2,20,40072,40072,39774,,10.156.11.188/10.156.3.188,8T,8R,ABCDEFGH,0,1.2,EAIU4-UA,S43E300069,Yes,RRH-B8,0,1,TBD,TBD,TBD
LCV,SF72XC089,TDD,1,WASCCAAOBBULTE0619741,619741,taclsmu01ep01,4,34,30,111.21.116.233,111.21.116.234,42,30,10.149.11.241,10.149.11.242,1,Outdoor,WASCCAAOBBULTE0614541,614541,sjslsmr02lems2,13,34,30,111.21.116.233,111.21.116.234,42,30,10.149.11.241,10.149.11.242,1,Indoor,4B05,386,112,41,2538.2,2538.2,20,40072,40072,39774,,10.156.11.188/10.156.3.188,8T,8R,ABCDEFGH,0,1.2,EAIU4-UA,S43E300069,Yes,RRH-B8,0,1,TBD,TBD,TBD
LCV,SF72XC089,TDD,2,WASCCAAOBBULTE0619741,619741,taclsmu01ep01,5,34,30,111.21.116.233,111.21.116.234,42,30,10.149.11.241,10.149.11.242,1,Outdoor,WASCCAAOBBULTE0614541,614541,sjslsmr02lems2,14,34,30,111.21.116.233,111.21.116.234,42,30,10.149.11.241,10.149.11.242,1,Indoor,4B05,384,96,41,2538.2,2538.2,20,40072,40072,39774,,10.156.11.188/10.156.3.188,8T,8R,ABCDEFGH,0,1.2,EAIU4-UA,S43E300069,Yes,RRH-B8,0,1,TBD,TBD,TBD
LCV,SF72XC089,TDD,0,WASCCAAOBBULTE0619741,619741,taclsmu01ep01,6,34,30,111.21.116.233,111.21.116.234,42,30,10.149.11.241,10.149.11.242,1,Outdoor,WASCCAAOBBULTE0614541,614541,sjslsmr02lems2,6,34,30,111.21.116.233,111.21.116.234,42,30,10.149.11.241,10.149.11.242,1,Indoor,4B05,385,104,41,2558,2558,20,40270,40270,39774,,10.156.11.188/10.156.3.188,8T,8R,ABCDEFGH,0,1.2,EAIU4-UA,S43E300069,Yes,RRH-B8,0,1,TBD,TBD,TBD
LCV,SF72XC089,TDD,1,WASCCAAOBBULTE0619741,619741,taclsmu01ep01,7,34,30,111.21.116.233,111.21.116.234,42,30,10.149.11.241,10.149.11.242,1,Outdoor,WASCCAAOBBULTE0614541,614541,sjslsmr02lems2,7,34,30,111.21.116.233,111.21.116.234,42,30,10.149.11.241,10.149.11.242,1,Indoor,4B05,386,112,41,2558,2558,20,40270,40270,39774,,10.156.11.188/10.156.3.188,8T,8R,ABCDEFGH,0,1.2,EAIU4-UA,S43E300069,Yes,RRH-B8,0,1,TBD,TBD,TBD
LCV,SF72XC089,TDD,2,WASCCAAOBBULTE0619741,619741,taclsmu01ep01,8,34,30,111.21.116.233,111.21.116.234,42,30,10.149.11.241,10.149.11.242,1,Outdoor,WASCCAAOBBULTE0614541,614541,sjslsmr02lems2,8,34,30,111.21.116.233,111.21.116.234,42,30,10.149.11.241,10.149.11.242,1,Indoor,4B05,384,96,41,2558,2558,20,40270,40270,39774,,10.156.11.188/10.156.3.188,8T,8R,ABCDEFGH,0,1.2,EAIU4-UA,S43E300069,Yes,RRH-B8,0,1,TBD,TBD,TBD
LCV,SF72XC740,FDD,0,MCFACAAXBBULTE0614548,614548,sjslsmr02lems2,0,32,30,111.21.119.225,111.21.119.226,40,30,10.149.5.89,10.149.5.90,0,Indoor,MCFACAAXBBULTE0614548,614548,sjslsmr02lems2,0,32,30,111.21.119.225,111.21.119.226,40,30,10.149.5.89,10.149.5.90,0,Indoor,4B05,115,35,25,1992.5,1912.5,5,8665,26665,,,10.156.11.188/10.156.3.188,2T,4R,AB,0,6,EAIU4-U_I,S61D451569,No,RRH-P4,0,0,TBD,TBD,TBD
LCV,SF72XC740,FDD,1,MCFACAAXBBULTE0614548,614548,sjslsmr02lems2,1,32,30,111.21.119.225,111.21.119.226,40,30,10.149.5.89,10.149.5.90,0,Indoor,MCFACAAXBBULTE0614548,614548,sjslsmr02lems2,9,32,30,111.21.119.225,111.21.119.226,40,30,10.149.5.89,10.149.5.90,0,Indoor,4B05,114,45,25,1992.5,1912.5,5,8665,26665,,,10.156.11.188/10.156.3.188,2T,4R,AB,0,6,EAIU4-U_I,S61D451569,No,RRH-P4,0,0,TBD,TBD,TBD
LCV,SF72XC740,FDD,2,MCFACAAXBBULTE0614548,614548,sjslsmr02lems2,2,32,30,111.21.119.225,111.21.119.226,40,30,10.149.5.89,10.149.5.90,0,Indoor,MCFACAAXBBULTE0614548,614548,sjslsmr02lems2,18,32,30,111.21.119.225,111.21.119.226,40,30,10.149.5.89,10.149.5.90,0,Indoor,4B05,449,55,25,1992.5,1912.5,5,8665,26665,,,10.156.11.188/10.156.3.188,2T,4R,AB,0,6,EAIU4-U_I,S61D451569,No,RRH-P4,0,0,TBD,TBD,TBD
